Department Name,Thread Name,Thread Link
Economics,Opportunities/Events,https://edstem.org/us/courses/40590/discussion/?category=Opportunities%2FEvents
Economics,Social,https://edstem.org/us/courses/40590/discussion/?category=Social
Economics,Weekly Announcements,https://edstem.org/us/courses/40590/discussion/?category=Weekly%20Announcements
Cognitive Science,Announcements,https://edstem.org/us/courses/24336/discussion/?category=Announcements
Cognitive Science,Events,https://edstem.org/us/courses/24336/discussion/?category=Events
Cognitive Science,Newsletters,https://edstem.org/us/courses/24336/discussion/?category=Newsletters
CDSS,Opportunities/Events,https://edstem.org/us/courses/59147/discussion/?category=Opportunities%2FEvents
CDSS,Social,https://edstem.org/us/courses/59147/discussion/?category=Social
Mathematics,Peer Advising,https://edstem.org/us/courses/28200/discussion/?category=Peer%20Advising
Mathematics,General,https://edstem.org/us/courses/28200/discussion/?category=General
Mathematics,Announcements,https://edstem.org/us/courses/28200/discussion/?category=Announcements
Mathematics,Events & Workshops ,https://edstem.org/us/courses/28200/discussion/?category=Events%20%26%20Workshops
Mathematics,MUSA (Mathematics Undergraduate Association),https://edstem.org/us/courses/28200/discussion/?category=MUSA%20%28Mathematics%20Undergraduate%20Association%29
Mathematics,GEM (Gender Equity in Mathematics),https://edstem.org/us/courses/28200/discussion/?category=GEM%20%28Gender%20Equity%20in%20Mathematics%29
EECS,Student Org Announcements ,https://edstem.org/us/courses/23247/discussion/?category=Student%20Org%20Announcements
EECS,General,https://edstem.org/us/courses/23247/discussion/?category=General
